{
    "achievements": [
        "_10K_MONEY",
        "_100K_MONEY",
        "_1M_MONEY",
        "_10M_MONEY",
        "_250_DMG",
        "_1000_DMG",
        "_2500_DMG",
        "_10000_DMG",
        "_250_HEAL",
        "_1000_HEAL",
        "_2500_HEAL",
        "_10000_HEAL",
        "LV_100",
        "LV_250",
        "LV_1000",
        "_10_RIBBONS",
        "_25_RIBBONS",
        "_50_RIBBONS",
        "_75_RIBBONS",
        "_100_RIBBONS",
        "TRANSFER_MAX_BATTLE_STAT",
        "MAX_FRIENDSHIP",
        "MEGA_EVOLVE",
        "GIGANTAMAX",
        "TERASTALLIZE",
        "STELLAR_TERASTALLIZE",
        "SPLICE",
        "MINI_BLACK_HOLE",
        "CATCH_MYTHICAL",
        "CATCH_SUB_LEGENDARY",
        "CATCH_LEGENDARY",
        "SEE_SHINY",
        "SHINY_PARTY",
        "HATCH_MYTHICAL",
        "HATCH_SUB_LEGENDARY",
        "HATCH_LEGENDARY",
        "HATCH_SHINY",
        "HIDDEN_ABILITY",
        "PERFECT_IVS",
        "CLASSIC_VICTORY"
    ],
    "get_trainer_data": 1718201939.122745,
    "get_gamesave_data": 1718201939.7696183,
    "__update_trainer_data": 1717855414.5178077,
    "__update_gamesave_data": 1717855417.821903,
    "login": 1718201932.819441,
    "total_403_errors": 1
}