{
    "achievements": [
        "_10K_MONEY",
        "_100K_MONEY",
        "_1M_MONEY",
        "_10M_MONEY",
        "_250_DMG",
        "_1000_DMG",
        "_2500_DMG",
        "_10000_DMG",
        "_250_HEAL",
        "_1000_HEAL",
        "_2500_HEAL",
        "_10000_HEAL",
        "LV_100",
        "LV_250",
        "LV_1000",
        "_10_RIBBONS",
        "_25_RIBBONS",
        "_50_RIBBONS",
        "_75_RIBBONS",
        "_100_RIBBONS",
        "TRANSFER_MAX_BATTLE_STAT",
        "MAX_FRIENDSHIP",
        "MEGA_EVOLVE",
        "GIGANTAMAX",
        "TERASTALLIZE",
        "STELLAR_TERASTALLIZE",
        "SPLICE",
        "MINI_BLACK_HOLE",
        "CATCH_MYTHICAL",
        "CATCH_SUB_LEGENDARY",
        "CATCH_LEGENDARY",
        "SEE_SHINY",
        "SHINY_PARTY",
        "HATCH_MYTHICAL",
        "HATCH_SUB_LEGENDARY",
        "HATCH_LEGENDARY",
        "HATCH_SHINY",
        "HIDDEN_ABILITY",
        "PERFECT_IVS",
        "CLASSIC_VICTORY",
        "MONO_GEN_ONE_VICTORY",
        "MONO_GEN_TWO_VICTORY",
        "MONO_GEN_THREE_VICTORY",
        "MONO_GEN_FOUR_VICTORY",
        "MONO_GEN_FIVE_VICTORY",
        "MONO_GEN_SIX_VICTORY",
        "MONO_GEN_SEVEN_VICTORY",
        "MONO_GEN_EIGHT_VICTORY",
        "MONO_GEN_NINE_VICTORY",
        "MONO_NORMAL",
        "MONO_FIGHTING",
        "MONO_FLYING",
        "MONO_POISON",
        "MONO_GROUND",
        "MONO_ROCK",
        "MONO_BUG",
        "MONO_GHOST",
        "MONO_STEEL",
        "MONO_FIRE",
        "MONO_WATER",
        "MONO_GRASS",
        "MONO_ELECTRIC",
        "MONO_PSYCHIC",
        "MONO_ICE",
        "MONO_DRAGON",
        "MONO_DARK",
        "MONO_FAIRY"
    ],
    "get_trainer_data": 1718210536.9975574,
    "get_gamesave_data": 1718210537.6482594,
    "__update_trainer_data": 1717855414.5178077,
    "__update_gamesave_data": 1717855417.821903,
    "login": 1718210826.7984848,
    "total_403_errors": 1
}