{
    "natures": {
        "HARDY": 2,
        "LONELY": 4,
        "BRAVE": 8,
        "ADAMANT": 16,
        "NAUGHTY": 32,
        "BOLD": 64,
        "DOCILE": 128,
        "RELAXED": 256,
        "IMPISH": 512,
        "LAX": 1024,
        "TIMID": 2048,
        "HASTY": 4096,
        "SERIOUS": 8192,
        "JOLLY": 16384,
        "NAIVE": 32768,
        "MODEST": 65536,
        "MILD": 131072,
        "QUIET": 262144,
        "BASHFUL": 524288,
        "RASH": 1048576,
        "CALM": 2097152,
        "GENTLE": 4194304,
        "SASSY": 8388608,
        "CAREFUL": 16777216,
        "QUIRKY": 33554432,
        "UNLOCK_ALL": 67108862
    }
}